{
  "project_info": {
    "project_number": "380634288223",
    "project_id": "desktop3dviewer-fyp",
    "storage_bucket": "desktop3dviewer-fyp.appspot.com"
  },
  "client": [
    {
      "client_info": {
        "mobilesdk_app_id": "1:380634288223:android:96b909ee477329a923cbea",
        "android_client_info": {
          "package_name": "com.example.desktop3dviewer"
        }
      },
      "oauth_client": [
        {
          "client_id": "380634288223-u8smm0vra1k5plskodrififnfiu93fhe.apps.googleusercontent.com",
          "client_type": 3
        }
      ],
      "api_key": [
        {
          "current_key": "AIzaSyDAaZp4KjxfMY1790y0-XM1Z9vx2Sxue2I"
        }
      ],
      "services": {
        "appinvite_service": {
          "other_platform_oauth_client": [
            {
              "client_id": "380634288223-u8smm0vra1k5plskodrififnfiu93fhe.apps.googleusercontent.com",
              "client_type": 3
            }
          ]
        }
      }
    }
  ],
  "configuration_version": "1"
}